user,player,rank
Sohan Gaitonde,Nikola Jokic,1
Sohan Gaitonde,Shai Gilgeous-Alexander,2
Sohan Gaitonde,Giannis Antetokounmpo,3
Sohan Gaitonde,Jayson Tatum,4
Sohan Gaitonde,Luka Doncic,5
Sohan Gaitonde,Joel Embiid,6
Sohan Gaitonde,Stephen Curry,7
Sohan Gaitonde,Kevin Durant,8
Sohan Gaitonde,Victor Wembanyama,9
Sohan Gaitonde,Anthony Edwards,10
Sohan Gaitonde,LeBron James,11
Sohan Gaitonde,Anthony Davis,12
Sohan Gaitonde,Jalen Brunson,13
Sohan Gaitonde,Donovan Mitchell,14
Sohan Gaitonde,Zion Williamson,15
Sohan Gaitonde,Kawhi Leonard,16
Sohan Gaitonde,Tyrese Haliburton,17
Sohan Gaitonde,Karl-Anthony Towns,18
Sohan Gaitonde,Cade Cunningham,19
Sohan Gaitonde,Jalen Williams,20
Sohan Gaitonde,Damian Lillard,21
Sohan Gaitonde,Chet Holmgren,22
Sohan Gaitonde,James Harden,23
Sohan Gaitonde,Paolo Banchero,24
Sohan Gaitonde,Evan Mobley,25
Sohan Gaitonde,Jimmy Butler III,26
Sohan Gaitonde,Devin Booker,27
Sohan Gaitonde,Franz Wagner,28
Sohan Gaitonde,Pascal Siakam,29
Sohan Gaitonde,Kyrie Irving,30
Sohan Gaitonde,Darius Garland,31
Sohan Gaitonde,Ja Morant,32
Sohan Gaitonde,"Jaren Jackson, Jr.",33
Sohan Gaitonde,Trae Young,34
Sohan Gaitonde,Alperen Sengun,35
Sohan Gaitonde,Ivica Zubac,36
Sohan Gaitonde,Kristaps Porzingis,37
Sohan Gaitonde,Jarrett Allen,38
Sohan Gaitonde,Desmond Bane,39
Sohan Gaitonde,Derrick White,40
Sohan Gaitonde,Domantas Sabonis,41
Sohan Gaitonde,Amen Thompson,42
Sohan Gaitonde,Tyler Herro,43
Sohan Gaitonde,Tyrese Maxey,44
Sohan Gaitonde,Jaylen Brown,45
Sohan Gaitonde,De'Aaron Fox,46
Sohan Gaitonde,Bam Adebayo,47
Sohan Gaitonde,Jalen Johnson,48
Sohan Gaitonde,OG Anunoby,49
Sohan Gaitonde,Christian Braun,50
Sohan Gaitonde,Zach LaVine,51
Sohan Gaitonde,Austin Reaves,52
Sohan Gaitonde,Rudy Gobert,53
Sohan Gaitonde,Jamal Murray,54
Sohan Gaitonde,Payton Pritchard,55
Sohan Gaitonde,Aaron Gordon,56
Sohan Gaitonde,Norman Powell,57
Sohan Gaitonde,Cameron Johnson,58
Sohan Gaitonde,Julius Randle,59
Sohan Gaitonde,DeMar DeRozan,60
Sohan Gaitonde,LaMelo Ball,61
Sohan Gaitonde,Nikola Vucevic,62
Sohan Gaitonde,Alex Caruso,63
Sohan Gaitonde,"Michael Porter, Jr.",64
Sohan Gaitonde,Myles Turner,65
Sohan Gaitonde,Isaiah Hartenstein,66
Sohan Gaitonde,Aaron Nesmith,67
Sohan Gaitonde,Naz Reid,68
Sohan Gaitonde,Andrew Nembhard,69
Sohan Gaitonde,De'Andre Hunter,70
Sohan Gaitonde,Coby White,71
Sohan Gaitonde,Trey Murphy III,72
Sohan Gaitonde,Scottie Barnes,73
Sohan Gaitonde,Mikal Bridges,74
Sohan Gaitonde,Cooper Flagg,75
Sohan Gaitonde,Draymond Green,76
Sohan Gaitonde,Tari Eason,77
Sohan Gaitonde,Deni Avdija,78
Sohan Gaitonde,R.J. Barrett,79
Sohan Gaitonde,Jalen Suggs,80
Sohan Gaitonde,Josh Giddey,81
Sohan Gaitonde,Josh Hart,82
Sohan Gaitonde,Brandon Ingram,83
Sohan Gaitonde,C.J. McCollum,84
Sohan Gaitonde,Jordan Poole,85
Sohan Gaitonde,Anfernee Simons,86
Sohan Gaitonde,Luguentz Dort,87
Sohan Gaitonde,Dyson Daniels,88
Sohan Gaitonde,Paul George,89
Sohan Gaitonde,Jaden McDaniels,90
Sohan Gaitonde,Herb Jones,91
Sohan Gaitonde,Jrue Holiday,92
Sohan Gaitonde,Fred VanVleet,93
Sohan Gaitonde,Lauri Markkanen,94
Sohan Gaitonde,Dylan Harper,95
Sohan Gaitonde,Bradley Beal,96
Sohan Gaitonde,Jalen Green,97
Sohan Gaitonde,Dillon Brooks,98
Sohan Gaitonde,Jalen Duren,99
Sohan Gaitonde,Toumani Camara,100
Nick DiFabio,Nikola Jokic,1
Nick DiFabio,Shai Gilgeous-Alexander,2
Nick DiFabio,Giannis Antetokounmpo,3
Nick DiFabio,Luka Doncic,4
Nick DiFabio,Joel Embiid,5
Nick DiFabio,Stephen Curry,6
Nick DiFabio,Anthony Edwards,7
Nick DiFabio,Kevin Durant,8
Nick DiFabio,Victor Wembanyama,9
Nick DiFabio,LeBron James,10
Nick DiFabio,Anthony Davis,11
Nick DiFabio,Jalen Brunson,12
Nick DiFabio,Donovan Mitchell,13
Nick DiFabio,Devin Booker,14
Nick DiFabio,Karl-Anthony Towns,15
Nick DiFabio,Cade Cunningham,16
Nick DiFabio,Kawhi Leonard,17
Nick DiFabio,Zion Williamson,18
Nick DiFabio,Jalen Williams,19
Nick DiFabio,Paolo Banchero,20
Nick DiFabio,Evan Mobley,21
Nick DiFabio,James Harden,22
Nick DiFabio,Franz Wagner,23
Nick DiFabio,Pascal Siakam,24
Nick DiFabio,Alperen Sengun,25
Nick DiFabio,Jimmy Butler III,26
Nick DiFabio,Darius Garland,27
Nick DiFabio,Trae Young,28
Nick DiFabio,Ja Morant,29
Nick DiFabio,"Jaren Jackson, Jr.",30
Nick DiFabio,Chet Holmgren,31
Nick DiFabio,Jaylen Brown,32
Nick DiFabio,Ivica Zubac,33
Nick DiFabio,Tyrese Maxey,34
Nick DiFabio,Domantas Sabonis,35
Nick DiFabio,Jarrett Allen,36
Nick DiFabio,Amen Thompson,37
Nick DiFabio,De'Aaron Fox,38
Nick DiFabio,Desmond Bane,39
Nick DiFabio,Derrick White,40
Nick DiFabio,Jalen Johnson,41
Nick DiFabio,Bam Adebayo,42
Nick DiFabio,Jamal Murray,43
Nick DiFabio,OG Anunoby,44
Nick DiFabio,Julius Randle,45
Nick DiFabio,Austin Reaves,46
Nick DiFabio,Aaron Gordon,47
Nick DiFabio,Zach LaVine,48
Nick DiFabio,Cameron Johnson,49
Nick DiFabio,Christian Braun,50
Nick DiFabio,Scottie Barnes,51
Nick DiFabio,Trey Murphy III,52
Nick DiFabio,Brandon Ingram,53
Nick DiFabio,Myles Turner,54
Nick DiFabio,Kyrie Irving,55
Nick DiFabio,Kristaps Porzingis,56
Nick DiFabio,Rudy Gobert,57
Nick DiFabio,Payton Pritchard,58
Nick DiFabio,DeMar DeRozan,59
Nick DiFabio,Tyler Herro,60
Nick DiFabio,Mikal Bridges,61
Nick DiFabio,Coby White,62
Nick DiFabio,LaMelo Ball,63
Nick DiFabio,Norman Powell,64
Nick DiFabio,Alex Caruso,65
Nick DiFabio,Deni Avdija,66
Nick DiFabio,Naz Reid,67
Nick DiFabio,Isaiah Hartenstein,68
Nick DiFabio,Cooper Flagg,69
Nick DiFabio,Dyson Daniels,70
Nick DiFabio,Lauri Markkanen,71
Nick DiFabio,Andrew Nembhard,72
Nick DiFabio,Nikola Vucevic,73
Nick DiFabio,Tari Eason,74
Nick DiFabio,Jalen Suggs,75
Nick DiFabio,"Michael Porter, Jr.",76
Nick DiFabio,R.J. Barrett,77
Nick DiFabio,Paul George,78
Nick DiFabio,Josh Hart,79
Nick DiFabio,Jaden McDaniels,80
Nick DiFabio,Josh Giddey,81
Nick DiFabio,Luguentz Dort,82
Nick DiFabio,Walker Kessler,83
Nick DiFabio,Jrue Holiday,84
Nick DiFabio,Aaron Nesmith,85
Nick DiFabio,Jalen Green,86
Nick DiFabio,Draymond Green,87
Nick DiFabio,Jordan Poole,88
Nick DiFabio,Bradley Beal,89
Nick DiFabio,Toumani Camara,90
Nick DiFabio,Anfernee Simons,91
Nick DiFabio,Brandon Miller,92
Nick DiFabio,Dillon Brooks,93
Nick DiFabio,Stephon Castle,94
Nick DiFabio,Mitchell Robinson,95
Nick DiFabio,Herb Jones,96
Nick DiFabio,Devin Vassell,97
Nick DiFabio,Shaedon Sharpe,98
Nick DiFabio,"Jabari Smith, Jr.",99
Nick DiFabio,Dylan Harper,100
Jameson Bodenburg,Nikola Jokic,1
Jameson Bodenburg,Shai Gilgeous-Alexander,2
Jameson Bodenburg,Giannis Antetokounmpo,3
Jameson Bodenburg,Victor Wembanyama,4
Jameson Bodenburg,Luka Doncic,5
Jameson Bodenburg,Anthony Edwards,6
Jameson Bodenburg,Cade Cunningham,7
Jameson Bodenburg,Donovan Mitchell,8
Jameson Bodenburg,Devin Booker,9
Jameson Bodenburg,Jalen Brunson,10
Jameson Bodenburg,Stephen Curry,11
Jameson Bodenburg,Evan Mobley,12
Jameson Bodenburg,LeBron James,13
Jameson Bodenburg,Kevin Durant,14
Jameson Bodenburg,Anthony Davis,15
Jameson Bodenburg,Paolo Banchero,16
Jameson Bodenburg,Joel Embiid,17
Jameson Bodenburg,Kawhi Leonard,18
Jameson Bodenburg,Jalen Williams,19
Jameson Bodenburg,Alperen Sengun,20
Jameson Bodenburg,Zion Williamson,21
Jameson Bodenburg,Trae Young,22
Jameson Bodenburg,Karl-Anthony Towns,23
Jameson Bodenburg,Domantas Sabonis,24
Jameson Bodenburg,Jaylen Brown,25
Jameson Bodenburg,Chet Holmgren,26
Jameson Bodenburg,"Jaren Jackson, Jr.",27
Jameson Bodenburg,Bam Adebayo,28
Jameson Bodenburg,Scottie Barnes,29
Jameson Bodenburg,Jimmy Butler III,30
Jameson Bodenburg,Pascal Siakam,31
Jameson Bodenburg,Franz Wagner,32
Jameson Bodenburg,Ivica Zubac,33
Jameson Bodenburg,Tyrese Maxey,34
Jameson Bodenburg,Amen Thompson,35
Jameson Bodenburg,Derrick White,36
Jameson Bodenburg,Julius Randle,37
Jameson Bodenburg,Darius Garland,38
Jameson Bodenburg,Jalen Johnson,39
Jameson Bodenburg,De'Aaron Fox,40
Jameson Bodenburg,James Harden,41
Jameson Bodenburg,Ja Morant,42
Jameson Bodenburg,Desmond Bane,43
Jameson Bodenburg,Lauri Markkanen,44
Jameson Bodenburg,Jamal Murray,45
Jameson Bodenburg,OG Anunoby,46
Jameson Bodenburg,Jarrett Allen,47
Jameson Bodenburg,Trey Murphy III,48
Jameson Bodenburg,Rudy Gobert,49
Jameson Bodenburg,Zach LaVine,50
Jameson Bodenburg,Tyler Herro,51
Jameson Bodenburg,Aaron Gordon,52
Jameson Bodenburg,Cameron Johnson,53
Jameson Bodenburg,Mikal Bridges,54
Jameson Bodenburg,Deni Avdija,55
Jameson Bodenburg,Cooper Flagg,56
Jameson Bodenburg,Kristaps Porzingis,57
Jameson Bodenburg,Andrew Nembhard,58
Jameson Bodenburg,Dyson Daniels,59
Jameson Bodenburg,Brandon Ingram,60
Jameson Bodenburg,Austin Reaves,61
Jameson Bodenburg,Christian Braun,62
Jameson Bodenburg,Jalen Suggs,63
Jameson Bodenburg,Josh Giddey,64
Jameson Bodenburg,Myles Turner,65
Jameson Bodenburg,Isaiah Hartenstein,66
Jameson Bodenburg,Draymond Green,67
Jameson Bodenburg,LaMelo Ball,68
Jameson Bodenburg,Stephon Castle,69
Jameson Bodenburg,Alex Caruso,70
Jameson Bodenburg,Norman Powell,71
Jameson Bodenburg,Aaron Nesmith,72
Jameson Bodenburg,Coby White,73
Jameson Bodenburg,Brandon Miller,74
Jameson Bodenburg,Jaden McDaniels,75
Jameson Bodenburg,Josh Hart,76
Jameson Bodenburg,Payton Pritchard,77
Jameson Bodenburg,Nikola Vucevic,78
Jameson Bodenburg,Luguentz Dort,79
Jameson Bodenburg,Jakob Poeltl,80
Jameson Bodenburg,"Michael Porter, Jr.",81
Jameson Bodenburg,Naz Reid,82
Jameson Bodenburg,DeMar DeRozan,83
Jameson Bodenburg,Jaden Ivey,84
Jameson Bodenburg,Herb Jones,85
Jameson Bodenburg,Dereck Lively II,86
Jameson Bodenburg,Toumani Camara,87
Jameson Bodenburg,Nickeil Alexander-Walker,88
Jameson Bodenburg,Ausar Thompson,89
Jameson Bodenburg,Jrue Holiday,90
Jameson Bodenburg,Devin Vassell,91
Jameson Bodenburg,P.J. Washington,92
Jameson Bodenburg,Dejounte Murray,93
Jameson Bodenburg,R.J. Barrett,94
Jameson Bodenburg,Alex Sarr,95
Jameson Bodenburg,Andrew Wiggins,96
Jameson Bodenburg,Onyeka Okongwu,97
Jameson Bodenburg,Cason Wallace,98
Jameson Bodenburg,Donte DiVincenzo,99
Jameson Bodenburg,Dylan Harper,100
Silas Johnson,Nikola Jokic,1
Silas Johnson,Giannis Antetokounmpo,2
Silas Johnson,Shai Gilgeous-Alexander,3
Silas Johnson,Luka Doncic,4
Silas Johnson,Jayson Tatum,5
Silas Johnson,Anthony Edwards,6
Silas Johnson,Stephen Curry,7
Silas Johnson,Victor Wembanyama,8
Silas Johnson,Tyrese Haliburton,9
Silas Johnson,Donovan Mitchell,10
Silas Johnson,Jalen Brunson,11
Silas Johnson,Cade Cunningham,12
Silas Johnson,Anthony Davis,13
Silas Johnson,Paolo Banchero,14
Silas Johnson,Devin Booker,15
Silas Johnson,LeBron James,16
Silas Johnson,Kevin Durant,17
Silas Johnson,Karl-Anthony Towns,18
Silas Johnson,Evan Mobley,19
Silas Johnson,Ja Morant,20
Silas Johnson,Jalen Williams,21
Silas Johnson,Jaylen Brown,22
Silas Johnson,Kawhi Leonard,23
Silas Johnson,Domantas Sabonis,24
Silas Johnson,Pascal Siakam,25
Silas Johnson,Jimmy Butler III,26
Silas Johnson,"Jaren Jackson, Jr.",27
Silas Johnson,Trae Young,28
Silas Johnson,Darius Garland,29
Silas Johnson,De'Aaron Fox,30
Silas Johnson,Kyrie Irving,31
Silas Johnson,James Harden,32
Silas Johnson,Bam Adebayo,33
Silas Johnson,Alperen Sengun,34
Silas Johnson,Franz Wagner,35
Silas Johnson,Scottie Barnes,36
Silas Johnson,Zion Williamson,37
Silas Johnson,Chet Holmgren,38
Silas Johnson,Amen Thompson,39
Silas Johnson,Julius Randle,40
Silas Johnson,Jamal Murray,41
Silas Johnson,Ivica Zubac,42
Silas Johnson,Derrick White,43
Silas Johnson,LaMelo Ball,44
Silas Johnson,Joel Embiid,45
Silas Johnson,Tyrese Maxey,46
Silas Johnson,OG Anunoby,47
Silas Johnson,Mikal Bridges,48
Silas Johnson,Aaron Gordon,49
Silas Johnson,Damian Lillard,50
Silas Johnson,Cooper Flagg,51
Silas Johnson,Lauri Markkanen,52
Silas Johnson,Jalen Johnson,53
Silas Johnson,Trey Murphy III,54
Silas Johnson,Tyler Herro,55
Silas Johnson,Austin Reaves,56
Silas Johnson,Dyson Daniels,57
Silas Johnson,Zach LaVine,58
Silas Johnson,Desmond Bane,59
Silas Johnson,Deni Avdija,60
Silas Johnson,Rudy Gobert,61
Silas Johnson,Draymond Green,62
Silas Johnson,Jarrett Allen,63
Silas Johnson,Jalen Suggs,64
Silas Johnson,Alex Caruso,65
Silas Johnson,Jaden McDaniels,66
Silas Johnson,Fred VanVleet,67
Silas Johnson,Isaiah Hartenstein,68
Silas Johnson,DeMar DeRozan,69
Silas Johnson,Jrue Holiday,70
Silas Johnson,Kristaps Porzingis,71
Silas Johnson,Coby White,72
Silas Johnson,Brandon Ingram,73
Silas Johnson,Andrew Nembhard,74
Silas Johnson,Cameron Johnson,75
Silas Johnson,Toumani Camara,76
Silas Johnson,Tari Eason,77
Silas Johnson,R.J. Barrett,78
Silas Johnson,Christian Braun,79
Silas Johnson,Norman Powell,80
Silas Johnson,Myles Turner,81
Silas Johnson,Naz Reid,82
Silas Johnson,Josh Hart,83
Silas Johnson,Brandon Miller,84
Silas Johnson,Luguentz Dort,85
Silas Johnson,Josh Giddey,86
Silas Johnson,Jaden Ivey,87
Silas Johnson,Scoot Henderson,88
Silas Johnson,C.J. McCollum,89
Silas Johnson,Herb Jones,90
Silas Johnson,Jaylen Wells,91
Silas Johnson,Devin Vassell,92
Silas Johnson,Payton Pritchard,93
Silas Johnson,Malik Monk,94
Silas Johnson,Paul George,95
Silas Johnson,Jalen Duren,96
Silas Johnson,Ty Jerome,97
Silas Johnson,Nickeil Alexander-Walker,98
Silas Johnson,Cason Wallace,99
Silas Johnson,Dylan Harper,100
Zach Dastyck,Nikola Jokic,1
Zach Dastyck,Giannis Antetokounmpo,2
Zach Dastyck,Shai Gilgeous-Alexander,3
Zach Dastyck,Luka Doncic,4
Zach Dastyck,Anthony Edwards,5
Zach Dastyck,Victor Wembanyama,6
Zach Dastyck,Stephen Curry,7
Zach Dastyck,Kevin Durant,8
Zach Dastyck,LeBron James,9
Zach Dastyck,Cade Cunningham,10
Zach Dastyck,Jalen Brunson,11
Zach Dastyck,Anthony Davis,12
Zach Dastyck,Donovan Mitchell,13
Zach Dastyck,Devin Booker,14
Zach Dastyck,Paolo Banchero,15
Zach Dastyck,Jalen Williams,16
Zach Dastyck,Karl-Anthony Towns,17
Zach Dastyck,Evan Mobley,18
Zach Dastyck,Kawhi Leonard,19
Zach Dastyck,Bam Adebayo,20
Zach Dastyck,Jaylen Brown,21
Zach Dastyck,Pascal Siakam,22
Zach Dastyck,Alperen Sengun,23
Zach Dastyck,Jimmy Butler III,24
Zach Dastyck,James Harden,25
Zach Dastyck,Trae Young,26
Zach Dastyck,"Jaren Jackson, Jr.",27
Zach Dastyck,Chet Holmgren,28
Zach Dastyck,Ja Morant,29
Zach Dastyck,Tyrese Maxey,30
Zach Dastyck,Domantas Sabonis,31
Zach Dastyck,Scottie Barnes,32
Zach Dastyck,Joel Embiid,33
Zach Dastyck,Derrick White,34
Zach Dastyck,Franz Wagner,35
Zach Dastyck,Darius Garland,36
Zach Dastyck,Ivica Zubac,37
Zach Dastyck,Amen Thompson,38
Zach Dastyck,Kyrie Irving,39
Zach Dastyck,De'Aaron Fox,40
Zach Dastyck,Desmond Bane,41
Zach Dastyck,OG Anunoby,42
Zach Dastyck,Aaron Gordon,43
Zach Dastyck,Mikal Bridges,44
Zach Dastyck,Julius Randle,45
Zach Dastyck,Lauri Markkanen,46
Zach Dastyck,Jamal Murray,47
Zach Dastyck,Jalen Johnson,48
Zach Dastyck,Isaiah Hartenstein,49
Zach Dastyck,Jarrett Allen,50
Zach Dastyck,Rudy Gobert,51
Zach Dastyck,Zion Williamson,52
Zach Dastyck,Dyson Daniels,53
Zach Dastyck,Trey Murphy III,54
Zach Dastyck,LaMelo Ball,55
Zach Dastyck,Kristaps Porzingis,56
Zach Dastyck,Alex Caruso,57
Zach Dastyck,Cooper Flagg,58
Zach Dastyck,Austin Reaves,59
Zach Dastyck,Draymond Green,60
Zach Dastyck,Tyler Herro,61
Zach Dastyck,Paul George,62
Zach Dastyck,Jalen Suggs,63
Zach Dastyck,Coby White,64
Zach Dastyck,Christian Braun,65
Zach Dastyck,Deni Avdija,66
Zach Dastyck,Aaron Nesmith,67
Zach Dastyck,Luguentz Dort,68
Zach Dastyck,Myles Turner,69
Zach Dastyck,Josh Hart,70
Zach Dastyck,Cameron Johnson,71
Zach Dastyck,"Michael Porter, Jr.",72
Zach Dastyck,Jaden McDaniels,73
Zach Dastyck,Andrew Nembhard,74
Zach Dastyck,Dereck Lively II,75
Zach Dastyck,Norman Powell,76
Zach Dastyck,Cam Thomas,77
Zach Dastyck,Zach LaVine,78
Zach Dastyck,Toumani Camara,79
Zach Dastyck,Brandon Miller,80
Zach Dastyck,Brandon Ingram,81
Zach Dastyck,Naz Reid,82
Zach Dastyck,Jaden Ivey,83
Zach Dastyck,Devin Vassell,84
Zach Dastyck,DeMar DeRozan,85
Zach Dastyck,Zach Edey,86
Zach Dastyck,Onyeka Okongwu,87
Zach Dastyck,Stephon Castle,88
Zach Dastyck,Jrue Holiday,89
Zach Dastyck,Payton Pritchard,90
Zach Dastyck,Alex Sarr,91
Zach Dastyck,Tobias Harris,92
Zach Dastyck,Bradley Beal,93
Zach Dastyck,Walker Kessler,94
Zach Dastyck,Bilal Coulibaly,95
Zach Dastyck,R.J. Barrett,96
Zach Dastyck,Mitchell Robinson,97
Zach Dastyck,Dylan Harper,98
Zach Dastyck,Andrew Wiggins,99
Zach Dastyck,Jonas Valanciunas,100
Russell Karlin,Nikola Jokic,1
Russell Karlin,Shai Gilgeous-Alexander,2
Russell Karlin,Luka Doncic,3
Russell Karlin,Giannis Antetokounmpo,4
Russell Karlin,Victor Wembanyama,5
Russell Karlin,Joel Embiid,6
Russell Karlin,Anthony Edwards,7
Russell Karlin,Devin Booker,8
Russell Karlin,Donovan Mitchell,9
Russell Karlin,Kawhi Leonard,10
Russell Karlin,Stephen Curry,11
Russell Karlin,Jalen Brunson,12
Russell Karlin,Cade Cunningham,13
Russell Karlin,Chet Holmgren,14
Russell Karlin,LeBron James,15
Russell Karlin,Kevin Durant,16
Russell Karlin,Evan Mobley,17
Russell Karlin,Darius Garland,18
Russell Karlin,Anthony Davis,19
Russell Karlin,"Jaren Jackson, Jr.",20
Russell Karlin,Karl-Anthony Towns,21
Russell Karlin,Domantas Sabonis,22
Russell Karlin,Franz Wagner,23
Russell Karlin,Tyrese Maxey,24
Russell Karlin,Zion Williamson,25
Russell Karlin,Jalen Williams,26
Russell Karlin,Paolo Banchero,27
Russell Karlin,Alperen Sengun,28
Russell Karlin,Jimmy Butler III,29
Russell Karlin,Pascal Siakam,30
Russell Karlin,LaMelo Ball,31
Evan Pegorsch,Nikola Jokic,1
Evan Pegorsch,Shai Gilgeous-Alexander,2
Evan Pegorsch,Giannis Antetokounmpo,3
Evan Pegorsch,Victor Wembanyama,4
Evan Pegorsch,Luka Doncic,5
Evan Pegorsch,Anthony Edwards,6
Evan Pegorsch,Joel Embiid,7
Evan Pegorsch,Cade Cunningham,8
Evan Pegorsch,Donovan Mitchell,9
Evan Pegorsch,Jalen Brunson,10
Evan Pegorsch,Anthony Davis,11
Evan Pegorsch,Devin Booker,12
Evan Pegorsch,Stephen Curry,13
Evan Pegorsch,LeBron James,14
Evan Pegorsch,Kevin Durant,15
Evan Pegorsch,Chet Holmgren,16
Evan Pegorsch,Evan Mobley,17
Evan Pegorsch,Trae Young,18
Evan Pegorsch,Domantas Sabonis,19
Evan Pegorsch,Alperen Sengun,20
Evan Pegorsch,Paolo Banchero,21
Evan Pegorsch,Jalen Williams,22
Evan Pegorsch,Kawhi Leonard,23
Evan Pegorsch,Zion Williamson,24
Evan Pegorsch,Karl-Anthony Towns,25
Evan Pegorsch,"Jaren Jackson, Jr.",26
Evan Pegorsch,Franz Wagner,27
Evan Pegorsch,Tyrese Maxey,28
Evan Pegorsch,Jimmy Butler III,29
Evan Pegorsch,Scottie Barnes,30
Evan Pegorsch,Jaylen Brown,31
Evan Pegorsch,Bam Adebayo,32
Evan Pegorsch,Darius Garland,33
Evan Pegorsch,Ja Morant,34
Evan Pegorsch,Pascal Siakam,35
Evan Pegorsch,James Harden,36
Evan Pegorsch,Amen Thompson,37
Evan Pegorsch,LaMelo Ball,38
Evan Pegorsch,Ivica Zubac,39
Evan Pegorsch,Tyler Herro,40
Evan Pegorsch,Zach LaVine,41
Evan Pegorsch,Lauri Markkanen,42
Evan Pegorsch,Desmond Bane,43
Evan Pegorsch,Rudy Gobert,44
Evan Pegorsch,Josh Giddey,45
Evan Pegorsch,Julius Randle,46
Evan Pegorsch,De'Aaron Fox,47
Evan Pegorsch,Derrick White,48
Evan Pegorsch,Jarrett Allen,49
Evan Pegorsch,Jalen Johnson,50
Evan Pegorsch,Trey Murphy III,51
Evan Pegorsch,Jamal Murray,52
Evan Pegorsch,OG Anunoby,53
Evan Pegorsch,Aaron Gordon,54
Evan Pegorsch,Cameron Johnson,55
Evan Pegorsch,Mikal Bridges,56
Evan Pegorsch,Deni Avdija,57
Evan Pegorsch,Cooper Flagg,58
Evan Pegorsch,Austin Reaves,59
Evan Pegorsch,Dyson Daniels,60
Evan Pegorsch,Brandon Ingram,61
Evan Pegorsch,Coby White,62
Evan Pegorsch,Kristaps Porzingis,63
Evan Pegorsch,Isaiah Hartenstein,64
Evan Pegorsch,Draymond Green,65
Evan Pegorsch,Brandon Miller,66
Evan Pegorsch,Nikola Vucevic,67
Evan Pegorsch,Andrew Nembhard,68
Evan Pegorsch,Norman Powell,69
Evan Pegorsch,Josh Hart,70
Evan Pegorsch,Ausar Thompson,71
Evan Pegorsch,Jalen Suggs,72
Evan Pegorsch,Myles Turner,73
Evan Pegorsch,Alex Caruso,74
Evan Pegorsch,Jakob Poeltl,75
Evan Pegorsch,Cam Thomas,76
Evan Pegorsch,R.J. Barrett,77
Evan Pegorsch,DeMar DeRozan,78
Evan Pegorsch,Christian Braun,79
Evan Pegorsch,Tari Eason,80
Evan Pegorsch,Jaden McDaniels,81
Evan Pegorsch,Payton Pritchard,82
Evan Pegorsch,Luguentz Dort,83
Evan Pegorsch,Aaron Nesmith,84
Evan Pegorsch,"Michael Porter, Jr.",85
Evan Pegorsch,Andrew Wiggins,86
Evan Pegorsch,Naz Reid,87
Evan Pegorsch,Herb Jones,88
Evan Pegorsch,Jaden Ivey,89
Evan Pegorsch,Dereck Lively II,90
Evan Pegorsch,Jrue Holiday,91
Evan Pegorsch,Shaedon Sharpe,92
Evan Pegorsch,"Kevin Porter, Jr.",93
Evan Pegorsch,Toumani Camara,94
Evan Pegorsch,Nickeil Alexander-Walker,95
Evan Pegorsch,Devin Vassell,96
Evan Pegorsch,Alex Sarr,97
Evan Pegorsch,Stephon Castle,98
Evan Pegorsch,Cason Wallace,99
Evan Pegorsch,Matas Buzelis,100
Rex Echikson,Nikola Jokic,1
Rex Echikson,Shai Gilgeous-Alexander,2
Rex Echikson,Giannis Antetokounmpo,3
Rex Echikson,Luka Doncic,4
Rex Echikson,Victor Wembanyama,5
Rex Echikson,Anthony Edwards,6
Rex Echikson,Jalen Brunson,7
Rex Echikson,Donovan Mitchell,8
Rex Echikson,LeBron James,9
Rex Echikson,Kevin Durant,10
Rex Echikson,Stephen Curry,11
Rex Echikson,Cade Cunningham,12
Rex Echikson,Joel Embiid,13
Rex Echikson,Anthony Davis,14
Rex Echikson,Devin Booker,15
Rex Echikson,Kawhi Leonard,16
Rex Echikson,Paolo Banchero,17
Rex Echikson,Karl-Anthony Towns,18
Rex Echikson,Jaylen Brown,19
Rex Echikson,Pascal Siakam,20
Rex Echikson,Jalen Williams,21
Rex Echikson,Zion Williamson,22
Rex Echikson,Evan Mobley,23
Rex Echikson,"Jaren Jackson, Jr.",24
Rex Echikson,Ivica Zubac,25
Rex Echikson,Alperen Sengun,26
Rex Echikson,Domantas Sabonis,27
Rex Echikson,Jimmy Butler III,28
Rex Echikson,Tyrese Maxey,29
Rex Echikson,De'Aaron Fox,30
Rex Echikson,Jamal Murray,31
Rex Echikson,James Harden,32
Rex Echikson,Bam Adebayo,33
Rex Echikson,Chet Holmgren,34
Rex Echikson,Derrick White,35
Rex Echikson,Trae Young,36
Rex Echikson,Franz Wagner,37
Rex Echikson,OG Anunoby,38
Rex Echikson,Amen Thompson,39
Rex Echikson,Desmond Bane,40
Rex Echikson,Jalen Johnson,41
Rex Echikson,Scottie Barnes,42
Rex Echikson,Ja Morant,43
Rex Echikson,Darius Garland,44
Rex Echikson,Aaron Gordon,45
Rex Echikson,Julius Randle,46
Rex Echikson,Mikal Bridges,47
Rex Echikson,Rudy Gobert,48
Rex Echikson,Trey Murphy III,49
Rex Echikson,Norman Powell,50
Rex Echikson,Dyson Daniels,51
Rex Echikson,Deni Avdija,52
Rex Echikson,Jalen Suggs,53
Rex Echikson,Lauri Markkanen,54
Rex Echikson,LaMelo Ball,55
Rex Echikson,Austin Reaves,56
Rex Echikson,Isaiah Hartenstein,57
Rex Echikson,Cooper Flagg,58
Rex Echikson,Cameron Johnson,59
Rex Echikson,Andrew Nembhard,60
Rex Echikson,Brandon Miller,61
Rex Echikson,Zach LaVine,62
Rex Echikson,Tyler Herro,63
Rex Echikson,Draymond Green,64
Rex Echikson,Brandon Ingram,65
Rex Echikson,DeMar DeRozan,66
Rex Echikson,R.J. Barrett,67
Rex Echikson,Mitchell Robinson,68
Rex Echikson,Jarrett Allen,69
Rex Echikson,Naz Reid,70
Rex Echikson,Luguentz Dort,71
Rex Echikson,Josh Giddey,72
Rex Echikson,Coby White,73
Rex Echikson,Jaden McDaniels,74
Rex Echikson,Alex Caruso,75
Rex Echikson,Herb Jones,76
Rex Echikson,Toumani Camara,77
Rex Echikson,Jalen Duren,78
Rex Echikson,Paul George,79
Rex Echikson,Aaron Nesmith,80
Rex Echikson,Christian Braun,81
Rex Echikson,Jrue Holiday,82
Rex Echikson,Devin Vassell,83
Rex Echikson,Tari Eason,84
Rex Echikson,Kristaps Porzingis,85
Rex Echikson,Payton Pritchard,86
Rex Echikson,C.J. McCollum,87
Rex Echikson,Nickeil Alexander-Walker,88
Rex Echikson,Josh Hart,89
Rex Echikson,John Collins,90
Rex Echikson,Cason Wallace,91
Rex Echikson,"Michael Porter, Jr.",92
Rex Echikson,Myles Turner,93
Rex Echikson,Bradley Beal,94
Rex Echikson,De'Andre Hunter,95
Rex Echikson,Jakob Poeltl,96
Rex Echikson,Walker Kessler,97
Rex Echikson,Dylan Harper,98
Rex Echikson,Stephon Castle,99
Rex Echikson,Jordan Poole,100
Morgan S,Nikola Jokic,1
Morgan S,Giannis Antetokounmpo,2
Morgan S,Shai Gilgeous-Alexander,3
Morgan S,Luka Doncic,4
Morgan S,Jayson Tatum,5
Morgan S,Victor Wembanyama,6
Morgan S,Stephen Curry,7
Morgan S,Kevin Durant,8
Morgan S,Anthony Edwards,9
Morgan S,Donovan Mitchell,10
Morgan S,Jaylen Brown,11
Morgan S,Jalen Williams,12
Morgan S,Tyrese Haliburton,13
Morgan S,Jalen Brunson,14
Morgan S,Evan Mobley,15
Morgan S,Kyrie Irving,16
Morgan S,Damian Lillard,17
Morgan S,Anthony Davis,18
Morgan S,Devin Booker,19
Morgan S,LeBron James,20
Morgan S,Pascal Siakam,21
Morgan S,Paolo Banchero,22
Morgan S,Cade Cunningham,23
Morgan S,Jimmy Butler III,24
Morgan S,Kawhi Leonard,25
Morgan S,Bam Adebayo,26
Morgan S,Derrick White,27
Morgan S,Alperen Sengun,28
Morgan S,James Harden,29
Morgan S,Karl-Anthony Towns,30
Morgan S,Tyrese Maxey,31
Morgan S,Franz Wagner,32
Morgan S,Trae Young,33
Morgan S,Scottie Barnes,34
Morgan S,"Jaren Jackson, Jr.",35
Morgan S,Joel Embiid,36
Morgan S,Chet Holmgren,37
Morgan S,Ja Morant,38
Morgan S,Domantas Sabonis,39
Morgan S,De'Aaron Fox,40
Morgan S,Ivica Zubac,41
Morgan S,Fred VanVleet,42
Morgan S,Amen Thompson,43
Morgan S,Darius Garland,44
Morgan S,Aaron Gordon,45
Morgan S,OG Anunoby,46
Morgan S,Dejounte Murray,47
Morgan S,Julius Randle,48
Morgan S,Desmond Bane,49
Morgan S,Lauri Markkanen,50
Morgan S,Jalen Johnson,51
Morgan S,Jarrett Allen,52
Morgan S,Jamal Murray,53
Morgan S,Mikal Bridges,54
Morgan S,Rudy Gobert,55
Morgan S,Alex Caruso,56
Morgan S,Kristaps Porzingis,57
Morgan S,Dyson Daniels,58
Morgan S,Myles Turner,59
Morgan S,Trey Murphy III,60
Morgan S,Cooper Flagg,61
Morgan S,Jalen Suggs,62
Morgan S,Austin Reaves,63
Morgan S,Isaiah Hartenstein,64
Morgan S,Paul George,65
Morgan S,Zion Williamson,66
Morgan S,Draymond Green,67
Morgan S,Luguentz Dort,68
Morgan S,Tyler Herro,69
Morgan S,Payton Pritchard,70
Morgan S,Christian Braun,71
Morgan S,Aaron Nesmith,72
Morgan S,Coby White,73
Morgan S,LaMelo Ball,74
Morgan S,Deni Avdija,75
Morgan S,"Jabari Smith, Jr.",76
Morgan S,Cameron Johnson,77
Morgan S,Josh Hart,78
Morgan S,Zach LaVine,79
Morgan S,Dereck Lively II,80
Morgan S,"Michael Porter, Jr.",81
Morgan S,Jaden McDaniels,82
Morgan S,Brandon Miller,83
Morgan S,Brandon Ingram,84
Morgan S,Norman Powell,85
Morgan S,Onyeka Okongwu,86
Morgan S,DeMar DeRozan,87
Morgan S,Toumani Camara,88
Morgan S,Andrew Nembhard,89
Morgan S,Jaden Ivey,90
Morgan S,Jrue Holiday,91
Morgan S,Naz Reid,92
Morgan S,Jonas Valanciunas,93
Morgan S,Devin Vassell,94
Morgan S,Zach Edey,95
Morgan S,Stephon Castle,96
Morgan S,Nickeil Alexander-Walker,97
Morgan S,Andrew Wiggins,98
Morgan S,Anfernee Simons,99
Morgan S,Tobias Harris,100
